username,password,email
john_doe,Pass123,john.doe@gmail.com
mary__smith,abcDEF1,mary.smith@yahoo.com
_alex99,AAA111,alex99@example..com
robert,password1,robert@example.com
sara.k,Sara123,sara.k@example.com
,NoUser123,nouser@example.com
tom-hardy,tomMMM123,tom.hardy@example.com
